{"initial_reset_timestamp": 1619179387.8085964, "timestamps": [1619179392.7469585], "episode_lengths": [2740], "episode_rewards": [-24.0], "episode_types": ["t"]}