{"initial_reset_timestamp": 1619258205.7454283, "timestamps": [1619258210.348932], "episode_lengths": [2207], "episode_rewards": [-24.0], "episode_types": ["t"]}